SNP,effect_allele,other_allele,beta_exposure,se_exposure,exposure_sample_size,outcome_sample_size,beta_outcome_1,se_outcome_1,beta_outcome_2,se_outcome_2,beta_outcome_3,se_outcome_3
rsToy1,A,G,0.03841170280523389,0.004704313781650178,100000,90000,0.007103252004655724,0.009184256898293839,-0.003092405334524156,0.006267405445888124,-0.0005371497695765433,0.009113510870110437
rsToy2,C,T,0.04332290299273413,0.004742480306164923,100000,90000,0.0038218443744158998,0.006706008552666343,-0.01146879175698182,0.00711895635315108,0.004899383159573599,0.009849528002125569
rsToy3,G,A,0.056108553736007906,0.004548618723672411,100000,90000,0.010985308715206026,0.0067029308890390075,-0.002266408183288371,0.008166481329828966,0.008460795099403298,0.006125775348171677
rsToy4,T,C,0.04177402567893474,0.005483424593896719,100000,90000,0.012367699059220997,0.008866530961215199,-0.007091906402750896,0.009969174465069768,0.013282431407681651,0.007662989271242134
rsToy5,A,G,0.06247625001731549,0.005995178523502113,100000,90000,0.012802840178611233,0.007565914643298694,-0.0051882950252773756,0.006190939477488847,0.0019487948195243843,0.006861738040524101
rsToy6,C,T,0.0457680882268022,0.005523481515926271,100000,90000,0.003384268275800517,0.007622758319410354,-0.007211723088816635,0.008906570851701127,0.002918548455262139,0.009235583459388491
rsToy7,G,A,0.031338561472344185,0.005509708203194392,100000,90000,0.00021605663492497203,0.00837150314508844,-0.003528811339907512,0.008256275404525323,-0.006232737591174642,0.007917085864636748
rsToy8,T,C,0.03378183808999032,0.004926781478113642,100000,90000,0.003806733656841836,0.009490557442204296,-0.0028101892458552084,0.006364105881168502,0.006271777262760997,0.008067724796622756
rsToy9,A,G,0.05510378593397271,0.00701836824140546,100000,90000,0.0064704365487100405,0.007466977853457188,-0.012047076222457914,0.009822342554053252,0.0038928390481368174,0.009832093227471635
rsToy10,C,T,0.027712404934480732,0.005183083813341117,100000,90000,0.006763058697925886,0.00988070489115306,-0.0011539390650471871,0.007689880408386687,-0.0013042723535887624,0.008112021075501743
rsToy11,G,A,0.037394251374167256,0.005068663327960885,100000,90000,-0.007495334740787772,0.007153014448397763,-0.012126609872609741,0.006279955073230124,-0.00636049262631915,0.008689685086516442
rsToy12,T,C,0.04852644048584697,0.0078426520831075,100000,90000,0.007065183828053868,0.008461380942519818,0.005642972348432327,0.006667918258024329,0.0018953041982173484,0.008299207757239793
rsToy13,A,G,0.05088803702787644,0.004105929581038656,100000,90000,0.004774013545565175,0.006686616235762785,-0.009345984097396218,0.007835783485516046,0.00012378371422086792,0.006720997326718764
rsToy14,C,T,0.024153900563478038,0.006386493565079773,100000,90000,-0.0008890072195438335,0.009409234531850342,-0.008939517745414332,0.006316874584655643,0.003386292348450137,0.006446945305085825
rsToy15,G,A,0.03499656126088298,0.0044946049916238994,100000,90000,0.003836292260731602,0.009480888391241702,-0.002804492104542553,0.008431319603233085,0.004380342215412027,0.00712938262388791
rsToy16,T,C,0.04792238653470611,0.007709982953881848,100000,90000,0.007094561596644638,0.008693616314939156,-0.005257499007272205,0.006107029514619138,0.005226270746241768,0.009120758098649158
rsToy17,A,G,0.05520725091085173,0.0070305761383660376,100000,90000,0.012947425587262648,0.009799620040372221,-0.001799899236243826,0.006797618639662567,0.004136956533124047,0.009012099502897308
rsToy18,C,T,0.048085322406809954,0.0059834135460888485,100000,90000,0.006082019006932395,0.006522213174341703,0.0008586657253623134,0.00969849317730787,-0.0004449753793916277,0.009617975181287984
rsToy19,G,A,0.030043632797161365,0.007487539775772833,100000,90000,0.001705684073173269,0.007896767863163666,0.0012957169048932278,0.00865929174181012,0.006140819334865838,0.007171233505842394
rsToy20,T,C,0.04047465558237599,0.007741438777598976,100000,90000,0.0019342401462374174,0.006621207923314396,-0.01700747364055449,0.007590335386880378,-0.004789610470575941,0.009970346463493429
rsToy21,A,G,0.04673305341799473,0.005064899613300902,100000,90000,-0.003366718388477209,0.00995346493026512,-0.01358055320481544,0.009321214601824933,-0.006293378844059675,0.007194961956214989
rsToy22,C,T,0.0401659361397888,0.005204319665698803,100000,90000,0.004236151357676085,0.0060118125054821,-0.008951384138456087,0.009789333687988202,0.0009407029388765955,0.007782853898191031
rsToy23,G,A,0.025175141299139645,0.007562265781574372,100000,90000,0.0010158574541942974,0.0064975551562316426,-0.005194588750043886,0.006707971173522468,0.0008924880652911101,0.00933762318746333
rsToy24,T,C,0.034742461584972906,0.005004710804734047,100000,90000,0.009006523979135395,0.00648205378278977,-0.011553337618347759,0.00873845543567708,-0.0026201401609925313,0.009963785120855162
rsToy25,A,G,0.04276224055420042,0.0041610081714459,100000,90000,0.009342318752176787,0.008700086663341334,-0.003573582097654357,0.008973633337169745,0.00031866233800745486,0.0066469168362010556
rsToy26,C,T,0.03505023091145337,0.00794845981802031,100000,90000,0.0009350825936941852,0.008809066825434171,0.0025926158805905167,0.009387931554901564,0.003680934467847679,0.006300593812933405
rsToy27,G,A,0.037988241745752875,0.005747535677380899,100000,90000,0.0169204707739731,0.006404056613747426,0.004490123092635077,0.007012232875144419,0.006000835713780845,0.008012975043472178
rsToy28,T,C,0.02312144954386762,0.007603181169367403,100000,90000,-0.004475339079103344,0.006733261322323831,0.005843933033012632,0.008922051987534377,-0.0023032193012244117,0.007037612337938508
rsToy29,A,G,0.030329571873843296,0.005823366136253349,100000,90000,0.015237403942418338,0.008621891130212231,0.005717389397580973,0.006508324077347844,0.005501983961309093,0.007398169390043887
rsToy30,C,T,0.03964296163701016,0.007103190868142159,100000,90000,0.00037648775846933855,0.008402990769309409,-0.005514939611677332,0.008655984901364842,-0.00033710052518956405,0.008236788770425513
rsToy31,G,A,0.04176461930578023,0.00691070448286875,100000,90000,0.009564127720092117,0.007880494764467264,-0.0013444372921954358,0.006684405209698778,0.008789576201239538,0.006199371591514874
rsToy32,T,C,0.043447524868206154,0.00642298755485672,100000,90000,-0.0008009719376374921,0.008664364173986852,-0.007507106382004834,0.006385720414613356,-0.0038747316923603893,0.007069681972769406
rsToy33,A,G,0.01971908464885961,0.00572523672395765,100000,90000,0.010195611677950855,0.0063655662454820865,0.015867360781373796,0.009421592373390013,0.006684203213409324,0.008557685129800544
rsToy34,C,T,0.03347534875413047,0.007802993745418541,100000,90000,-0.005000521774708946,0.007815636207285365,-0.01962097959948825,0.007995922666689689,0.0023978869649827522,0.00604895578547342
rsToy35,G,A,0.06385712375077501,0.0073444867416441895,100000,90000,0.02334658097295709,0.009527390301439455,-0.0006425691930912539,0.007585417241562597,0.011208093539320275,0.00984294847597113
rsToy36,T,C,0.04765115904116299,0.004994959840733212,100000,90000,0.016051861649424036,0.006598311386923415,-0.0006034401026207203,0.00853607196228143,-0.007202759359468307,0.007885466906396256
rsToy37,A,G,0.022191874466558896,0.005060699396675677,100000,90000,0.0011827034260988205,0.007644905431932706,-0.0006550487633059383,0.007719498509593093,-0.0035953324279420825,0.007177427338717286
rsToy38,C,T,0.04694603288677715,0.007688843936659584,100000,90000,0.002303025923000774,0.006077503398226094,0.006513997058575558,0.008999113607459119,0.011239456934930602,0.009048688741434552
rsToy39,G,A,0.04060754138866999,0.006296872393882795,100000,90000,0.003682505937832413,0.0060305890303663885,0.00767442628849732,0.0076621519784250925,0.005694200900946533,0.006059474832518179
rsToy40,T,C,0.045829387232032164,0.006474929862918477,100000,90000,0.010744780096164292,0.00898181415008532,-0.007038810656631856,0.007440859572234066,0.006112072346921633,0.009283228276099951
rsToy41,A,G,0.052679884149999114,0.006329699190827664,100000,90000,0.015722473399414932,0.0062737601316679905,-0.0024082859117326148,0.006697734843868718,0.009999104978899102,0.006494099365617165
rsToy42,C,T,0.03322122660514104,0.005127168672285178,100000,90000,0.0034826775563841037,0.007867928569169302,-0.006576997303118047,0.007315987461429466,-0.005366575828438953,0.009148256922008182
rsToy43,G,A,0.04940852895781434,0.006353346905394578,100000,90000,0.0023490516787205524,0.007578675278159868,0.0010918407542670257,0.006523183330195262,0.007164275690563019,0.007754342589769576
rsToy44,T,C,0.03341601521674986,0.005796797002424848,100000,90000,0.00879985963453541,0.009521073696217897,-0.0010391767025033772,0.007430913661907576,0.000269456979014847,0.007960467265680293
rsToy45,A,G,0.032756007605058875,0.004252135461962953,100000,90000,0.007916507325562903,0.006838328778456186,-0.002123626505956693,0.008354522075070798,-0.0016457358892990972,0.00988328009484948
rsToy46,C,T,0.03673696002773397,0.006161042089364091,100000,90000,0.006527440153583289,0.007447277795897247,-0.003371613006294321,0.009234729505732502,0.009990933367104392,0.007377068875070754
rsToy47,G,A,0.022339684553578147,0.007548917795433575,100000,90000,-0.0018269082388349314,0.009239629181056305,0.00023153956584032404,0.006070358729467806,0.007541282139297266,0.009341426033573096
rsToy48,T,C,0.05052092682051531,0.0047497710127627395,100000,90000,0.008923280081591928,0.007378901966487338,-0.002879815058866668,0.0068666798688652485,0.01314332290069034,0.007885093696851192
rsToy49,A,G,0.034440517086061696,0.006423577303452005,100000,90000,0.010111298457348546,0.007274231085491361,0.0033458809014350493,0.007810994449898173,0.001191200601305622,0.006947911404239185
rsToy50,C,T,0.03867139786162197,0.0045817028505624365,100000,90000,0.007602194062668453,0.007924093003250504,-0.0018784175035983478,0.007247833831509789,-0.003176304174115484,0.00749494564883285
rsToy51,G,A,0.042270466220182795,0.0075399715164726185,100000,90000,0.00889755327202426,0.007495939166021024,-0.0017814726446285763,0.0063952838354096615,0.0023124852390787698,0.009204596812090664
rsToy52,T,C,0.04762958209128647,0.0054539849994913936,100000,90000,0.010133427881357878,0.007089372528774115,-0.011322050644281031,0.009121276184329417,0.004004199854149822,0.009254307754125154
rsToy53,A,G,0.03478038574460618,0.0063152349003347125,100000,90000,0.0048870473843761406,0.006441532700532876,0.003632887273822204,0.006375124674874891,0.007303276048852766,0.006995656659183243
rsToy54,C,T,0.04124136471220197,0.007171885799026317,100000,90000,0.004284598165161217,0.00958692278655384,-0.0008489704740998875,0.008373930097805479,0.008008148627277408,0.008828670176565108
rsToy55,G,A,0.034878099504056265,0.004599747988667036,100000,90000,0.005643703454378277,0.006662379699659898,-0.006794055452697439,0.007063731664546467,-0.003918966782312159,0.007339114788367895
rsToy56,T,C,0.03779630273213659,0.004225909917671066,100000,90000,0.0009562317999215857,0.006097565880637887,-0.006334345815647777,0.007571988411739918,0.003695753085852966,0.008727117448171723
rsToy57,A,G,0.05217904432539954,0.007612215124838615,100000,90000,0.011360208367103842,0.009325856132382248,-0.0043850095818638,0.006882458682738796,0.004299524522397352,0.0069610592372058204
rsToy58,C,T,0.04549990155544882,0.005793147161789918,100000,90000,-0.00841319050611702,0.008126341207581603,-0.0141878332442009,0.00864722380107837,-0.006157599215027032,0.008081370518060202
rsToy59,G,A,0.05034768308252689,0.004667889857772153,100000,90000,0.004780630224582286,0.009488603857855207,-0.006830519528879961,0.008582134545068705,-0.000545022427788415,0.009945912959649372
rsToy60,T,C,0.03711233787324163,0.004897204243584814,100000,90000,0.0032386616730035148,0.007620241928186437,-0.007925480368964205,0.009600315597926425,0.006583679099935997,0.00679358083963456
rsToy61,A,G,0.03604401024743022,0.005735566271589611,100000,90000,0.017872272667636715,0.007385675870013243,-0.0015001746094280813,0.0060356068389001045,0.005495239744181965,0.0070892738296783105
rsToy62,C,T,0.0432760705943222,0.007689602467280373,100000,90000,0.01604207755390789,0.008742918395117637,0.004033620680077456,0.008925002809952398,0.0057790681286134325,0.008766506851406206
rsToy63,G,A,0.06352718482227582,0.004132236222336797,100000,90000,0.013980597645312749,0.006936016562840494,-0.006600289942186118,0.009051038577214727,0.003295156533056003,0.00793221597988044
rsToy64,T,C,0.04226476545231928,0.004595152373710928,100000,90000,0.0033712944802384522,0.007322270600188126,-0.003106292013771416,0.008005721479768071,0.009383604928414849,0.007952011532767284
rsToy65,A,G,0.0368722325671301,0.007202112897826254,100000,90000,0.003944539019172581,0.006229701264636411,-0.0016335426495280511,0.008858278216435882,0.0007825955637841679,0.0066859579372173334
rsToy66,C,T,0.03717888579702082,0.004619065533070899,100000,90000,0.005485447699278054,0.006412297118221242,-0.001352174851809878,0.007003881214936959,0.0006052218310185356,0.0074168204780596485
rsToy67,G,A,0.04629653229364972,0.006947639053328332,100000,90000,0.00870929498584919,0.008910682822032499,-0.003091274728751705,0.006502943166948608,0.0020257566233908546,0.006390731753308819
rsToy68,T,C,0.04064327449006851,0.004002440948768357,100000,90000,0.004436560624659858,0.008602743372240049,-0.004195141127244133,0.006973610454970837,0.0011036983127379277,0.006787343905917449
rsToy69,A,G,0.039105208593884035,0.007119324523403145,100000,90000,0.0069835741688126715,0.008176514528482988,-0.0058543928255974246,0.009004925570987688,0.0010505495566410876,0.006754785133179773
rsToy70,C,T,0.04929160823165523,0.005797204160593457,100000,90000,0.0011059196006254803,0.008308245844464823,0.0015418155907529095,0.009964361158916898,0.00652792409530409,0.008988496442623364
rsToy71,G,A,0.0301671973790766,0.00722234942849684,100000,90000,0.007169797900722853,0.008337705560234943,0.00312416438995913,0.009904326603462903,0.003054520390232268,0.009650032755610344
rsToy72,T,C,0.03231894206373093,0.0062654083939238285,100000,90000,-0.00345745454689151,0.009924392565904395,-0.004581529551486656,0.009382967159952342,0.00018740243333618305,0.00820868513852252
rsToy73,A,G,0.04941584408244746,0.005630707287349237,100000,90000,0.01003754254251709,0.007088638029036536,-0.0003173413017631445,0.00920345960101155,0.0005049601608994722,0.008720916678588105
rsToy74,C,T,0.03163623889014931,0.005318585498223635,100000,90000,-0.0032290694035459694,0.0065044741651638744,-0.01231742869303709,0.007919376746864227,0.0017509895229286105,0.00963194849183208
rsToy75,G,A,0.00475781830853627,0.004316423368591341,100000,90000,0.0020398022547623708,0.007760893672712251,0.001862419172063273,0.0074257465826455945,-0.002670204225900574,0.009650859005385285
rsToy76,T,C,0.0474508451859098,0.005255160924367755,100000,90000,0.019824353550771414,0.006252274152707113,0.0010752949197128615,0.008781815391620007,-0.0019477285986940858,0.006575905873498827
rsToy77,A,G,0.04478073705601228,0.007612205064550234,100000,90000,0.005725365706559741,0.007681019483979933,0.003815591143229863,0.007171537317051754,0.004829894183595386,0.009779347756806672
rsToy78,C,T,0.02706856880247982,0.007741623130201011,100000,90000,-0.000720803604178524,0.006039423094682045,-0.0047439199777186275,0.006125523805353777,0.001015313247733535,0.007173421978596795
rsToy79,G,A,0.027232343932664743,0.007303826614217845,100000,90000,0.004442128039832856,0.009369384082882952,0.0005371425719993385,0.008495234502219196,0.0019747794204086687,0.007842514443862214
rsToy80,T,C,0.03552342366205491,0.007686906890381917,100000,90000,0.011896931224262861,0.00926310603283138,-0.0018984159664963585,0.008814829124198877,0.0010611891011741452,0.009944799893710226
